index,cycle_time
0,24
1,13
2,9
3,8
4,5
5,6
6,5
7,7
8,7
9,8
10,8
11,7
12,8
13,8
14,8
15,20
16,11
17,7
18,7
19,8
20,8
21,9
22,7
23,8
24,8
25,8
26,8
27,8
28,8
29,8
30,8
31,9
32,8
33,10
34,7
35,8
36,7
37,9
38,9
39,8
40,8
41,9
42,8
43,9
44,8
45,9
46,8
47,8
48,9
49,9
50,8
51,8
52,8
53,22
54,11
55,8
56,8
57,8
58,8
59,8
60,9
61,8
62,8
63,8
64,9
65,10
66,8
67,9
68,9
69,9
70,9
71,9
72,9
73,8
74,9
75,8
76,9
77,9
78,20
79,11
80,8
81,9
82,9
83,10
84,8
85,10
86,9
87,8
88,10
89,9
90,8
91,10
92,8
93,9
94,10
95,9
96,9
97,9
98,10
99,10
100,8
101,11
102,20
103,11
104,10
105,9
106,9
107,11
108,9
109,10
110,10
111,9
112,10
113,9
114,8
115,10
116,9
117,10
118,9
119,9
120,10
121,22
122,13
123,9
124,9
125,9
126,10
127,9
128,10
129,10
130,9
131,10
132,10
133,10
134,11
135,9
136,10
137,10
138,9
139,11
140,9
141,10
142,10
143,10
144,10
145,10
146,10
147,10
148,10
149,10
150,10
151,11
152,9
153,11
154,10
155,11
156,13
157,9
158,11
159,10
160,10
161,10
162,11
163,9
164,10
165,9
166,10
167,21
168,11
169,11
170,10
171,11
172,10
173,10
174,11
175,9
176,9
177,11
178,10
179,11
180,10
181,10
182,17
183,9
184,11
185,10
186,10
187,11
188,10
189,10
190,11
191,10
192,11
193,10
194,11
195,11
196,10
197,11
198,10
199,11
200,11
201,10
202,10
203,10
204,11
205,11
206,11
207,10
208,10
209,11
210,10
211,10
212,11
213,10
214,11
215,10
216,11
217,11
218,10
219,11
220,11
221,11
222,10
223,11
224,12
225,9
226,11
227,9
228,11
229,10
230,9
231,11
232,9
233,11
234,10
235,11
236,10
237,10
238,11
239,10
240,11
241,10
242,10
243,11
244,10
245,11
246,11
247,11
248,11
249,10
250,12
251,11
252,11
253,12
254,10
255,11
256,11
257,10
258,22
259,12
260,11
261,10
262,10
263,11
264,11
265,11
266,11
267,11
268,11
269,11
270,13
271,12
272,12
273,10
274,12
275,11
276,10
277,11
278,10
279,11
280,11
281,11
282,11
283,11
284,11
285,11
286,11
287,10
288,10
289,10
290,10
291,12
292,11
293,12
294,11
295,11
296,11
297,10
298,11
299,9
300,11
301,11
302,10
303,12
304,10
305,11
306,11
307,10
308,10
309,10
310,10
311,10
312,20
313,12
314,11
315,10
316,10
317,10
318,10
319,11
320,10
321,11
322,10
323,10
324,10
325,11
326,11
327,10
328,11
329,10
330,12
331,12
332,11
333,12
334,11
335,11
336,11
337,10
338,11
339,11
340,11
341,10
342,10
343,11
344,11
345,11
346,10
347,11
348,10
349,10
350,10
351,10
352,10
353,11
354,10
355,11
356,10
357,11
358,11
359,11
360,11
361,9
362,11
363,11
364,11
365,10
366,11
367,11
368,10
369,11
370,10
371,11
372,11
373,10
374,11
375,10
376,11
377,11
378,10
379,10
380,10
381,11
382,11
383,11
384,10
385,11
386,11
387,11
388,11
389,11
390,11
391,11
392,11
393,11
394,11
395,10
396,12
397,11
398,11
399,11
400,10
401,11
402,10
403,11
404,11
405,19
406,12
407,11
408,11
409,12
410,9
411,11
412,10
413,10
414,11
415,10
416,10
417,11
418,11
419,11
420,10
421,11
422,10
423,10
424,11
425,10
426,12
427,11
428,12
429,11
430,10
431,11
432,10
433,11
434,11
435,10
436,10
437,11
438,10
439,11
440,10
441,10
442,10
443,11
444,11
445,10
446,11
447,10
448,11
449,11
450,10
451,11
452,11
453,11
454,11
455,10
456,12
457,10
458,11
459,11
460,10
461,12
462,11
463,10
464,11
465,10
466,11
467,10
468,10
469,11
470,10
471,12
472,12
473,12
474,11
475,10
476,14
477,11
478,9
479,11
480,10
481,10
482,11
483,10
484,11
485,11
486,11
487,11
488,22
489,13
490,10
491,11
492,26
493,20
494,11
495,12
496,10
497,11
498,12
499,11
500,12
501,11
502,11
503,11
504,11
505,11
506,12
507,10
508,11
509,11
510,12
511,12
512,10
513,11
514,10
515,11
516,11
517,11
518,11
519,10
520,11
521,11
522,11
523,11
524,10
525,10
526,10
527,11
528,10
529,10
530,11
531,10
532,11
533,10
534,11
535,11
536,11
537,17
538,10
539,10
540,12
541,11
542,11
543,12
544,11
545,10
546,12
547,12
548,11
549,11
550,11
551,11
552,11
553,11
554,12
555,11
556,11
557,10
558,11
559,11
560,11
561,11
562,10
563,11
564,10
565,11
566,9
567,11
568,10
569,10
570,11
571,11
572,11
573,12
574,10
575,11
576,13
577,10
578,11
579,10
580,12
581,11
582,10
583,11
584,11
585,12
586,11
587,12
588,12
589,11
590,11
591,10
592,11
593,13
594,10
595,11
596,10
597,11
598,11
599,11
600,15
601,11
602,10
603,11
604,11
605,11
606,10
607,10
608,10
609,11
610,10
611,10
612,10
613,9
614,10
615,11
616,10
617,11
618,10
619,11
620,10
621,10
622,10
623,10
624,11
625,10
626,11
627,11
628,10
629,11
630,10
631,11
632,12
633,10
634,11
635,10
636,11
637,11
638,10
639,10
640,10
641,11
642,11
643,10
644,11
645,10
646,10
647,11
648,10
649,10
650,11
651,16
652,10
653,10
654,10
655,12
656,10
657,11
658,10
659,11
660,11
661,10
662,17
663,12
664,10
665,11
666,11
667,12
668,11
669,9
670,11
671,11
672,10
673,11
674,9
675,11
676,10
677,11
678,11
679,10
680,11
681,11
682,11
683,11
684,10
685,11
686,10
687,11
688,10
689,10
690,11
691,10
692,11
693,10
694,11
695,11
696,10
697,11
698,11
699,10
700,11
701,11
702,10
703,11
704,11
705,11
706,11
707,10
708,10
709,11
710,10
711,11
712,10
713,11
714,11
715,11
716,11
717,11
718,11
719,10
720,10
721,10
722,11
723,11
724,10
725,19
726,10
727,10
728,10
729,10
730,11
731,11
732,10
733,11
734,10
735,11
736,11
737,11
738,11
739,11
740,11
741,11
742,11
743,11
744,11
745,10
746,11
747,11
748,10
749,10
750,10
751,10
752,11
753,10
754,10
755,11
756,10
757,11
758,10
759,10
760,11
761,10
762,11
763,10
764,11
765,11
766,11
767,11
768,11
769,11
770,10
771,10
772,11
773,11
774,10
775,12
776,12
777,12
778,11
779,11
780,11
781,10
782,10
783,10
784,11
785,10
786,11
787,11
788,11
789,11
790,10
791,11
792,11
793,10
794,11
795,11
796,11
797,11
798,11
799,12
800,11
801,11
802,10
803,11
804,10
805,10
806,11
807,10
808,11
809,11
810,11
811,11
812,10
813,11
814,11
815,12
816,10
817,12
818,10
819,11
820,11
821,12
822,11
823,12
824,10
825,11
826,12
827,11
828,11
829,11
830,10
831,11
832,10
833,11
834,10
835,11
836,12
837,11
838,11
839,10
840,12
841,10
842,10
843,11
844,10
845,11
846,11
847,12
848,12
849,11
850,12
851,11
852,11
853,10
854,11
855,10
856,11
857,11
858,10
859,11
860,11
861,10
862,11
863,11
864,11
865,11
866,11
867,11
868,11
869,10
870,10
871,11
872,12
873,11
874,11
875,10
876,12
877,12
878,11
879,11
880,11
881,12
882,12
883,11
884,11
885,12
886,16
887,11
888,12
889,12
890,13
891,11
892,12
893,11
894,11
895,11
896,10
897,12
898,10
899,10
900,11
901,10
902,12
903,10
904,10
905,11
906,10
907,11
908,11
909,12
910,12
911,11
912,12
913,11
914,12
915,11
916,10
917,10
918,11
919,12
920,11
921,10
922,11
923,10
924,11
925,12
926,11
927,12
928,11
929,11
930,11
931,10
932,10
933,11
934,11
935,12
936,11
937,11
938,11
939,11
940,11
941,11
942,11
943,10
944,12
945,12
946,12
947,11
948,11
949,11
950,10
951,11
952,10
953,12
954,11
955,10
956,11
957,10
958,10
959,11
960,10
961,10
962,11
963,10
964,10
965,11
966,11
967,10
968,11
969,11
970,10
971,11
972,11
973,11
974,10
975,11
976,11
977,10
978,10
979,8
980,11
981,11
982,9
983,11
984,10
985,11
986,11
987,10
988,10
989,11
990,10
991,11
992,10
993,11
994,10
995,10
996,11
997,10
998,11
999,10
1000,12
1001,12
1002,10
1003,11
1004,11
1005,11
1006,11
1007,10
1008,12
1009,10
1010,11
1011,11
1012,10
1013,10
1014,11
1015,10
1016,11
1017,10
1018,10
1019,10
1020,11
1021,11
1022,10
1023,11
1024,10
1025,11
1026,11
1027,12
1028,11
1029,10
1030,11
1031,11
1032,11
1033,10
1034,12
1035,10
1036,11
1037,11
1038,10
1039,11
1040,10
1041,10
1042,9
1043,10
1044,11
1045,10
1046,10
1047,10
1048,11
1049,10
1050,11
1051,10
1052,11
1053,11
1054,11
1055,11
1056,10
1057,11
1058,10
1059,11
1060,11
1061,10
1062,10
1063,10
1064,11
1065,11
1066,10
1067,12
1068,10
1069,10
1070,11
1071,10
1072,11
1073,11
1074,10
1075,10
1076,11
1077,10
1078,11
1079,11
1080,11
1081,10
1082,10
1083,11
1084,10
1085,11
1086,11
1087,11
1088,11
1089,11
1090,12
1091,11
1092,11
1093,10
1094,10
1095,10
1096,10
1097,11
1098,11
1099,11
1100,12
1101,11
1102,13
1103,11
1104,11
1105,11
1106,9
1107,11
1108,11
1109,10
1110,11
1111,10
1112,11
1113,12
1114,11
1115,12
1116,10
1117,11
1118,11
1119,11
1120,11
1121,11
1122,11
1123,11
1124,10
1125,11
1126,11
1127,11
1128,10
1129,11
1130,11
1131,10
1132,11
1133,11
1134,10
1135,11
1136,10
1137,11
1138,13
1139,10
1140,11
1141,10
1142,11
1143,11
1144,10
1145,11
1146,10
1147,11
1148,11
1149,10
1150,13
1151,13
1152,11
1153,11
1154,11
1155,11
1156,11
1157,12
1158,10
1159,11
1160,11
1161,11
1162,10
1163,11
1164,10
1165,20
1166,12
1167,10
1168,10
1169,11
1170,11
1171,11
1172,12
1173,10
1174,11
1175,11
1176,11
1177,11
1178,10
1179,11
1180,10
1181,11
1182,10
1183,11
1184,10
1185,11
1186,11
1187,10
1188,11
1189,11
1190,10
1191,11
1192,11
1193,11
1194,11
1195,11
1196,12
1197,10
1198,11
1199,11
1200,10
1201,11
1202,11
1203,10
1204,11
1205,10
1206,11
1207,10
1208,10
1209,10
1210,10
1211,10
1212,11
1213,13
1214,11
1215,10
1216,11
1217,10
1218,10
1219,11
1220,10
1221,11
1222,10
1223,11
1224,11
1225,11
1226,11
1227,10
1228,11
1229,11
1230,10
1231,11
1232,10
1233,11
1234,10
1235,10
1236,10
1237,10
1238,11
1239,10
1240,11
1241,18
1242,12
1243,10
1244,11
1245,10
1246,10
1247,10
1248,10
1249,11
1250,10
1251,11
1252,11
1253,10
1254,11
1255,10
1256,11
1257,11
1258,10
1259,11
1260,11
1261,11
1262,11
1263,11
1264,11
1265,11
1266,11
1267,11
1268,11
1269,11
1270,11
1271,11
1272,11
1273,11
1274,14
1275,13
1276,10
1277,10
1278,11
1279,11
1280,11
1281,10
1282,11
1283,11
1284,10
1285,11
1286,11
1287,12
1288,11
1289,10
1290,11
1291,10
1292,11
1293,10
1294,10
1295,11
1296,11
1297,10
1298,11
1299,10
1300,11
1301,11
1302,11
1303,11
1304,10
1305,11
1306,10
1307,11
1308,12
1309,10
1310,11
1311,11
1312,11
1313,11
1314,10
1315,11
1316,11
1317,10
1318,11
1319,10
1320,11
1321,11
1322,10
1323,11
1324,10
1325,11
1326,11
1327,10
1328,11
1329,10
1330,11
1331,11
1332,10
1333,12
1334,11
1335,12
1336,11
1337,12
1338,12
1339,10
1340,10
1341,10
1342,11
1343,11
1344,10
1345,11
1346,10
1347,11
1348,10
1349,11
1350,11
1351,10
1352,10
1353,11
1354,11
1355,11
1356,10
1357,10
1358,10
1359,11
1360,11
1361,12
1362,11
1363,12
1364,12
1365,11
1366,11
1367,10
1368,10
1369,11
1370,10
1371,12
1372,11
1373,22
1374,12
1375,11
1376,10
1377,11
1378,11
1379,10
1380,11
1381,11
1382,10
1383,10
1384,11
1385,11
1386,11
1387,10
1388,11
1389,10
1390,11
1391,10
1392,10
1393,22
1394,12
1395,11
1396,9
1397,11
1398,13
1399,13
1400,10
1401,11
1402,11
1403,11
1404,10
1405,11
1406,12
1407,11
1408,12
1409,12
1410,11
1411,12
1412,11
1413,12
1414,12
1415,11
1416,11
1417,11
1418,11
1419,11
1420,11
1421,11
1422,11
1423,11
1424,11
1425,10
1426,10
1427,12
1428,11
1429,11
1430,10
1431,11
1432,11
1433,10
1434,11
1435,11
1436,11
1437,11
1438,11
1439,11
1440,11
1441,12
1442,10
1443,11
1444,10
1445,10
1446,11
1447,10
1448,12
1449,11
1450,11
1451,11
1452,11
1453,10
1454,11
1455,11
1456,21
1457,11
1458,11
1459,10
1460,12
1461,11
1462,11
1463,11
1464,10
1465,11
1466,11
1467,11
1468,11
1469,10
1470,11
1471,10
1472,11
1473,11
1474,9
1475,10
1476,11
1477,11
1478,11
1479,11
1480,11
1481,10
1482,10
1483,10
1484,10
1485,11
1486,11
1487,10
1488,10
1489,11
1490,10
1491,10
1492,11
1493,10
1494,11
1495,11
1496,10
1497,11
1498,10
1499,11
1500,10
1501,11
1502,10
1503,11
1504,12
1505,12
1506,11
1507,12
1508,12
1509,12
1510,11
1511,10
1512,11
1513,11
1514,12
1515,11
1516,10
1517,11
1518,11
1519,12
1520,10
1521,11
1522,13
1523,12
1524,12
1525,9
1526,11
1527,10
1528,10
1529,11
1530,10
1531,12
1532,11
1533,19
1534,12
1535,11
1536,10
1537,10
1538,11
1539,10
1540,11
1541,10
1542,10
1543,11
1544,10
1545,10
1546,11
1547,12
1548,11
1549,11
1550,11
1551,11
1552,11
1553,11
1554,10
1555,11
1556,11
1557,10
1558,11
1559,10
1560,11
1561,11
1562,10
1563,10
1564,10
1565,11
1566,10
1567,11
1568,12
1569,11
1570,12
1571,10
1572,11
1573,11
1574,10
1575,11
1576,10
1577,10
1578,11
1579,10
1580,10
1581,11
1582,10
1583,11
1584,11
1585,12
1586,12
1587,11
1588,10
1589,11
1590,10
1591,11
1592,9
1593,11
1594,11
1595,11
1596,11
1597,10
1598,10
1599,11
1600,10
1601,11
1602,11
1603,10
1604,10
1605,12
1606,14
1607,10
1608,10
1609,10
1610,11
1611,10
1612,11
1613,10
1614,11
1615,11
1616,10
1617,11
1618,10
1619,11
1620,11
1621,11
1622,11
1623,11
1624,11
1625,11
1626,12
1627,12
1628,11
1629,11
1630,11
1631,11
1632,11
1633,10
1634,11
1635,11
1636,10
1637,11
1638,10
1639,11
1640,11
1641,11
1642,11
1643,10
1644,11
1645,12
1646,10
1647,11
1648,11
1649,11
1650,11
1651,11
1652,11
1653,10
1654,12
1655,11
1656,12
1657,11
1658,10
1659,10
1660,10
1661,11
1662,11
1663,11
1664,11
1665,10
1666,11
1667,10
1668,10
1669,10
1670,10
1671,10
1672,10
1673,11
1674,11
1675,10
1676,12
1677,12
1678,10
1679,11
1680,10
1681,12
1682,10
1683,11
1684,11
1685,11
1686,11
1687,11
1688,12
1689,11
1690,10
1691,11
1692,11
1693,11
1694,12
1695,11
1696,11
1697,10
1698,11
1699,11
1700,10
1701,11
1702,10
1703,10
1704,11
1705,10
1706,10
1707,12
1708,11
1709,10
1710,11
1711,10
1712,11
1713,11
1714,11
1715,11
1716,11
1717,11
1718,11
1719,10
1720,11
1721,9
1722,11
1723,11
1724,10
1725,11
1726,10
1727,11
1728,10
1729,11
1730,10
1731,10
1732,10
1733,11
1734,10
1735,10
1736,10
1737,11
1738,11
1739,10
1740,11
1741,11
1742,11
1743,11
1744,11
1745,12
1746,11
1747,11
1748,11
1749,10
1750,12
1751,11
1752,11
1753,11
1754,11
1755,11
1756,12
1757,10
1758,11
1759,10
1760,11
1761,9
1762,11
1763,10
1764,10
1765,11
1766,10
1767,12
1768,11
1769,11
1770,12
1771,10
1772,10
1773,11
1774,11
1775,11
1776,11
1777,11
1778,10
1779,11
1780,11
1781,11
1782,11
1783,9
1784,11
1785,11
1786,11
1787,11
1788,10
1789,11
1790,11
1791,10
1792,11
1793,10
1794,25
1795,11
1796,11
1797,10
1798,10
1799,11
1800,10
1801,10
1802,11
1803,10
1804,11
1805,11
1806,10
1807,11
1808,10
1809,11
1810,10
1811,11
1812,11
1813,15
1814,12
1815,10
1816,11
1817,11
1818,11
1819,11
1820,11
1821,12
1822,11
1823,12
1824,11
1825,10
1826,12
1827,11
1828,10
1829,12
1830,12
1831,11
1832,11
1833,10
1834,11
1835,11
1836,11
1837,11
1838,11
1839,11
1840,11
1841,11
1842,11
1843,10
1844,11
1845,11
1846,12
1847,12
1848,12
1849,11
1850,10
1851,11
1852,11
1853,11
1854,12
1855,10
1856,12
1857,13
1858,10
1859,11
1860,10
1861,12
1862,11
1863,11
1864,11
1865,10
1866,11
1867,11
1868,10
1869,10
1870,10
1871,10
1872,10
1873,10
1874,11
1875,10
1876,10
1877,11
1878,10
1879,11
1880,10
1881,12
1882,11
1883,10
1884,12
1885,11
1886,11
1887,12
1888,10
1889,11
1890,11
1891,11
1892,11
1893,11
1894,11
1895,12
1896,10
1897,11
1898,10
1899,11
1900,11
1901,11
1902,11
1903,11
1904,10
1905,11
1906,10
1907,10
1908,11
1909,11
1910,10
1911,11
1912,10
1913,11
1914,11
1915,10
1916,12
1917,11
1918,12
1919,12
1920,13
1921,11
1922,10
1923,10
1924,10
1925,11
1926,11
1927,11
1928,12
1929,11
1930,11
1931,10
1932,11
1933,11
1934,10
1935,11
1936,10
1937,11
1938,11
1939,11
1940,12
1941,11
1942,11
1943,12
1944,10
1945,11
1946,10
1947,11
1948,11
1949,10
1950,10
1951,10
1952,10
1953,10
1954,11
1955,12
1956,11
1957,10
1958,11
1959,10
1960,11
1961,10
1962,11
1963,11
1964,10
1965,11
1966,10
1967,11
1968,10
1969,10
1970,11
1971,11
1972,11
1973,10
1974,11
1975,10
1976,10
1977,11
1978,11
1979,10
1980,11
1981,10
1982,10
1983,15
1984,12
1985,10
1986,10
1987,10
1988,10
1989,10
1990,11
1991,11
1992,10
1993,11
1994,10
1995,10
1996,11
1997,10
1998,10
1999,10
2000,11
2001,11
2002,10
2003,11
2004,10
2005,11
2006,11
2007,10
2008,11
2009,10
2010,11
2011,11
2012,10
2013,11
2014,9
2015,11
2016,11
2017,11
2018,10
2019,10
2020,16
2021,9
2022,11
2023,11
2024,10
2025,11
2026,19
2027,12
2028,11
2029,11
2030,10
2031,11
2032,10
2033,11
2034,11
2035,10
2036,11
2037,11
2038,11
2039,11
2040,11
2041,11
2042,10
2043,11
2044,10
2045,10
2046,20
2047,10
2048,10
2049,10
2050,10
2051,11
2052,10
2053,11
2054,10
2055,11
2056,11
2057,10
2058,11
2059,10
2060,10
2061,11
2062,10
2063,10
2064,10
2065,11
2066,11
2067,10
2068,11
2069,11
2070,10
2071,10
2072,10
2073,11
2074,11
2075,10
2076,11
2077,11
2078,11
2079,12
2080,10
2081,11
2082,10
2083,10
2084,11
2085,10
2086,11
2087,9
2088,11
2089,10
2090,10
2091,11
2092,11
2093,11
2094,10
2095,11
2096,10
2097,10
2098,11
2099,10
2100,11
2101,10
2102,12
2103,12
2104,10
2105,11
2106,11
2107,11
2108,11
2109,18
2110,10
2111,11
2112,10
2113,11
2114,11
2115,10
2116,11
2117,11
2118,11
2119,11
2120,11
2121,11
2122,10
2123,21
2124,11
2125,12
2126,12
2127,11
2128,11
2129,12
2130,10
2131,12
2132,11
2133,10
2134,12
2135,11
2136,10
2137,11
2138,10
2139,11
2140,12
2141,9
2142,11
2143,10
2144,15
2145,10
2146,12
2147,12
2148,11
2149,11
2150,10
2151,11
2152,11
2153,11
2154,10
2155,10
2156,11
2157,12
2158,10
2159,11
2160,11
2161,11
2162,10
2163,11
2164,10
2165,10
2166,11
2167,10
2168,11
2169,10
2170,11
2171,17
2172,12
2173,10
2174,10
2175,10
2176,11
2177,11
2178,11
2179,11
2180,10
2181,11
2182,10
2183,12
2184,11
2185,11
2186,11
2187,10
2188,11
2189,20
2190,13
2191,10
2192,11
2193,10
2194,11
2195,11
2196,11
2197,10
2198,10
2199,11
2200,10
2201,10
2202,11
2203,10
2204,11
2205,10
2206,11
2207,11
2208,12
2209,11
2210,11
2211,10
2212,11
2213,11
2214,10
2215,11
2216,11
2217,12
2218,11
2219,11
2220,11
2221,11
2222,11
2223,11
2224,12
2225,12
2226,21
2227,12
2228,11
2229,11
2230,11
2231,11
2232,10
2233,11
2234,16
2235,10
2236,11
2237,10
2238,10
2239,11
2240,11
2241,11
2242,10
2243,11
2244,10
2245,10
2246,11
2247,10
2248,10
2249,11
2250,10
2251,10
2252,10
2253,11
2254,11
2255,10
2256,10
2257,10
2258,11
2259,11
2260,11
2261,12
2262,10
2263,12
2264,12
2265,12
2266,10
2267,11
2268,17
2269,10
2270,12
2271,11
2272,10
2273,11
2274,11
2275,11
2276,10
2277,10
2278,11
2279,11
2280,11
2281,10
2282,11
2283,10
2284,11
2285,10
2286,11
2287,12
2288,11
2289,10
2290,12
2291,10
2292,20
2293,12
2294,10
2295,10
2296,19
2297,10
2298,10
2299,10
2300,10
2301,21
2302,14
2303,10
2304,10
2305,21
2306,13
2307,10
2308,11
2309,10
2310,11
2311,10
2312,11
2313,11
2314,10
2315,12
2316,10
2317,11
2318,10
2319,10
2320,10
2321,10
2322,11
2323,10
2324,12
2325,12
2326,11
2327,12
2328,10
2329,11
2330,11
2331,11
2332,12
2333,12
2334,12
2335,12
2336,11
2337,12
2338,9
2339,12
2340,11
2341,10
2342,11
2343,11
2344,10
2345,11
2346,10
2347,10
2348,11
2349,10
2350,11
2351,11
2352,11
2353,10
2354,11
2355,11
2356,10
2357,10
2358,10
2359,10
2360,11
2361,11
2362,11
2363,11
2364,11
2365,11
2366,11
2367,11
2368,10
2369,11
2370,10
2371,10
2372,11
2373,11
2374,11
2375,11
2376,10
2377,11
2378,9
2379,11
2380,10
2381,10
2382,11
2383,10
2384,10
2385,11
2386,10
2387,11
2388,12
2389,11
2390,11
2391,11
2392,11
2393,12
2394,11
2395,12
2396,12
2397,10
2398,12
2399,11
2400,10
2401,11
2402,10
2403,12
2404,11
2405,11
2406,12
2407,12
2408,10
2409,11
2410,11
2411,11
2412,10
2413,11
2414,11
2415,11
2416,10
2417,11
2418,10
2419,10
2420,10
2421,11
2422,10
2423,11
2424,11
2425,10
2426,11
2427,10
2428,11
2429,10
2430,11
2431,11
2432,11
2433,11
2434,11
2435,10
2436,11
2437,11
2438,11
2439,11
2440,10
2441,11
2442,10
2443,11
2444,10
2445,10
2446,10
2447,10
2448,12
2449,11
2450,10
2451,11
2452,10
2453,11
2454,12
2455,12
2456,12
2457,10
2458,12
2459,11
2460,11
2461,12
2462,11
2463,11
2464,11
2465,11
2466,11
2467,11
2468,11
2469,10
2470,11
2471,12
2472,10
2473,12
2474,11
2475,11
2476,11
2477,10
2478,11
2479,11
2480,10
2481,10
2482,10
2483,11
2484,10
2485,10
2486,11
2487,10
2488,10
2489,11
2490,10
2491,10
2492,11
2493,10
2494,11
2495,10
2496,12
2497,11
2498,10
2499,11
2500,10
2501,11
2502,11
2503,10
2504,11
2505,10
2506,11
2507,11
2508,9
2509,11
2510,12
2511,10
2512,11
2513,10
2514,11
2515,10
2516,11
2517,13
2518,12
2519,10
2520,10
2521,11
2522,10
2523,11
2524,10
2525,11
2526,10
2527,12
2528,10
2529,11
2530,11
2531,10
2532,11
2533,10
2534,11
2535,11
2536,10
2537,11
2538,11
2539,11
2540,11
2541,10
2542,10
2543,10
2544,11
2545,11
2546,10
2547,10
2548,10
2549,10
2550,11
2551,10
2552,11
2553,11
2554,10
2555,11
2556,10
2557,20
2558,12
2559,11
2560,10
2561,11
2562,10
2563,11
2564,10
2565,12
2566,11
2567,10
2568,11
2569,10
2570,11
2571,10
2572,12
2573,10
2574,10
2575,11
2576,10
2577,11
2578,11
2579,10
2580,15
2581,9
2582,11
2583,11
2584,11
2585,11
2586,11
2587,12
2588,11
2589,11
2590,10
2591,11
2592,10
2593,11
2594,10
2595,11
2596,11
2597,11
2598,10
2599,11
2600,11
2601,11
2602,10
2603,11
2604,10
2605,11
2606,10
2607,11
2608,10
2609,11
2610,10
2611,10
2612,10
2613,10
2614,11
2615,11
2616,10
2617,11
2618,10
2619,11
2620,11
2621,10
2622,11
2623,10
2624,11
2625,11
2626,12
2627,11
2628,11
2629,11
2630,11
2631,10
2632,11
2633,10
2634,12
2635,10
2636,11
2637,10
2638,10
2639,11
2640,11
2641,10
2642,10
2643,10
2644,11
2645,10
2646,11
2647,10
2648,10
2649,11
2650,10
2651,10
2652,11
2653,10
2654,11
2655,10
2656,10
2657,10
2658,11
2659,11
2660,10
2661,11
2662,11
2663,10
2664,11
2665,11
2666,11
2667,11
2668,11
2669,11
2670,10
2671,11
2672,10
2673,11
2674,11
2675,10
2676,10
2677,10
2678,11
2679,10
2680,10
2681,11
2682,10
2683,11
2684,10
2685,11
2686,11
2687,12
2688,10
2689,11
2690,11
2691,10
2692,11
2693,11
2694,10
2695,11
2696,11
2697,12
2698,11
2699,10
2700,11
2701,10
2702,12
2703,11
2704,11
2705,10
2706,21
2707,13
2708,10
2709,9
2710,11
2711,11
2712,11
2713,10
2714,11
2715,10
2716,11
2717,10
2718,11
2719,10
2720,10
2721,11
2722,11
2723,11
2724,10
2725,11
2726,11
2727,11
2728,11
2729,10
2730,10
2731,12
2732,10
2733,11
2734,11
2735,10
2736,10
2737,11
2738,11
2739,11
2740,14
2741,11
2742,12
2743,13
2744,12
2745,11
2746,12
2747,10
2748,11
2749,11
2750,10
2751,12
2752,11
2753,11
2754,12
2755,10
2756,12
2757,12
2758,11
2759,20
2760,12
2761,10
2762,10
2763,10
2764,11
2765,10
2766,11
2767,12
2768,10
2769,11
2770,10
2771,11
2772,11
2773,10
2774,11
2775,10
2776,12
2777,12
2778,11
2779,11
2780,10
2781,11
2782,11
2783,10
2784,11
2785,11
2786,10
2787,11
2788,10
2789,10
2790,10
2791,9
2792,10
2793,11
2794,10
2795,11
2796,10
2797,10
2798,10
2799,11
2800,11
2801,11
2802,10
2803,11
2804,10
2805,11
2806,10
2807,11
2808,10
2809,11
2810,11
2811,10
2812,11
2813,10
2814,11
2815,11
2816,11
2817,11
2818,10
2819,13
2820,11
2821,11
2822,11
2823,9
2824,11
2825,11
2826,10
2827,11
2828,10
2829,11
2830,11
2831,10
2832,11
2833,10
2834,12
2835,11
2836,10
2837,11
2838,10
2839,11
2840,11
2841,10
2842,11
2843,11
2844,11
2845,10
2846,12
2847,11
2848,10
2849,11
2850,10
2851,11
2852,10
2853,10
2854,11
2855,10
2856,11
2857,10
2858,10
2859,11
2860,10
2861,10
2862,11
2863,10
2864,11
2865,11
2866,10
2867,11
2868,10
2869,11
2870,10
2871,10
2872,11
2873,10
2874,12
2875,10
2876,11
2877,12
2878,11
2879,11
2880,11
2881,11
2882,11
2883,11
2884,10
2885,11
2886,11
2887,11
2888,10
2889,11
2890,10
2891,12
2892,11
2893,10
2894,10
2895,11
2896,10
2897,11
2898,10
2899,11
2900,11
2901,10
2902,11
2903,10
2904,10
2905,11
2906,11
2907,11
2908,12
2909,11
2910,12
2911,10
2912,12
2913,11
2914,10
2915,12
2916,11
2917,11
2918,10
2919,11
2920,11
2921,10
2922,11
2923,11
2924,9
2925,11
2926,10
2927,11
2928,9
2929,11
2930,10
2931,10
2932,11
2933,10
2934,11
2935,10
2936,11
2937,11
2938,11
2939,10
2940,11
2941,10
2942,11
2943,11
2944,11
2945,12
2946,11
2947,10
2948,10
2949,10
2950,10
2951,11
2952,13
2953,10
2954,11
2955,11
2956,11
2957,10
2958,11
2959,10
2960,11
2961,10
2962,11
2963,11
2964,10
2965,11
2966,10
2967,11
2968,11
2969,10
2970,11
2971,10
2972,11
2973,10
2974,11
2975,11
2976,10
2977,12
2978,12
2979,10
2980,11
2981,10
2982,11
2983,11
2984,10
2985,11
2986,10
2987,9
2988,11
2989,10
2990,10
2991,10
2992,10
2993,10
2994,10
2995,10
2996,11
2997,9
2998,11
2999,10
3000,11
3001,10
3002,11
3003,11
3004,10
3005,11
3006,11
3007,11
3008,11
3009,10
3010,11
3011,10
3012,11
3013,10
3014,11
3015,10
3016,10
3017,11
3018,10
3019,10
3020,12
3021,10
3022,11
3023,11
3024,10
3025,11
3026,10
3027,11
3028,10
3029,11
3030,11
3031,10
3032,11
3033,11
3034,11
3035,11
3036,12
3037,12
3038,10
3039,12
3040,10
3041,12
3042,11
3043,10
3044,10
3045,11
3046,11
3047,10
3048,10
3049,15
3050,10
3051,9
3052,11
3053,11
3054,10
3055,11
3056,10
3057,11
3058,11
3059,9
3060,11
3061,10
3062,10
3063,11
3064,10
3065,11
3066,10
3067,12
3068,10
3069,11
3070,10
3071,11
3072,12
3073,10
3074,11
3075,10
3076,10
3077,14
3078,10
3079,11
3080,10
3081,11
3082,11
3083,10
3084,11
3085,10
3086,10
3087,22
3088,12
3089,10
3090,10
3091,10
3092,10
3093,11
3094,11
3095,10
3096,11
3097,11
3098,10
3099,11
3100,11
3101,12
3102,10
3103,11
3104,12
3105,11
3106,11
3107,20
3108,13
3109,12
3110,10
3111,11
3112,10
3113,10
3114,11
3115,10
3116,11
3117,11
3118,10
3119,11
3120,10
3121,11
3122,11
3123,10
3124,11
3125,10
3126,11
3127,10
3128,12
3129,10
3130,11
3131,11
3132,11
3133,10
3134,11
3135,11
3136,12
3137,12
3138,10
3139,11
3140,10
3141,12
3142,10
3143,10
3144,12
3145,10
3146,11
3147,20
3148,12
3149,10
3150,11
3151,11
3152,11
3153,11
3154,10
3155,11
3156,11
3157,11
3158,11
3159,10
3160,11
3161,10
3162,10
3163,11
3164,10
3165,11
3166,11
3167,10
3168,11
3169,11
3170,11
3171,11
3172,10
3173,11
3174,11
3175,9
3176,11
3177,10
3178,11
3179,11
3180,10
3181,12
3182,10
3183,11
3184,11
3185,10
3186,11
3187,10
3188,10
3189,11
3190,12
3191,11
3192,10
3193,11
3194,11
3195,10
3196,10
3197,10
3198,11
3199,10
3200,10
3201,11
3202,10
3203,11
3204,10
3205,11
3206,19
3207,12
3208,10
3209,11
3210,10
3211,11
3212,10
3213,11
3214,10
3215,11
3216,12
3217,11
3218,11
3219,10
3220,11
3221,10
3222,10
3223,11
3224,10
3225,11
3226,11
3227,11
3228,10
3229,10
3230,11
3231,10
3232,11
3233,11
3234,10
3235,11
3236,10
3237,10
3238,10
3239,10
3240,11
3241,10
3242,11
3243,10
3244,11
3245,11
3246,11
3247,12
3248,10
3249,11
3250,12
3251,11
3252,12
3253,10
3254,10
3255,11
3256,11
3257,10
3258,10
3259,10
3260,10
3261,11
3262,10
3263,11
3264,11
3265,11
3266,10
3267,11
3268,11
3269,10
3270,12
3271,11
3272,11
3273,12
3274,10
3275,11
3276,10
3277,11
3278,11
3279,10
3280,11
3281,10
3282,10
3283,10
3284,11
3285,11
3286,10
3287,10
3288,11
3289,12
3290,11
3291,11
3292,11
3293,11
3294,11
3295,10
3296,11
3297,11
3298,9
3299,10
3300,11
3301,10
3302,12
3303,11
3304,12
3305,11
3306,11
3307,11
3308,11
3309,11
3310,10
3311,11
3312,11
3313,11
3314,11
3315,11
3316,10
3317,11
3318,11
3319,10
3320,11
3321,10
3322,11
3323,10
3324,10
3325,11
3326,10
3327,11
3328,10
3329,11
3330,11
3331,11
3332,12
3333,10
3334,11
3335,11
3336,12
3337,11
3338,10
3339,11
3340,10
3341,12
3342,11
3343,10
3344,11
3345,10
3346,11
3347,11
3348,10
3349,11
3350,10
3351,11
3352,10
3353,10
3354,11
3355,10
3356,12
3357,11
3358,10
3359,11
3360,12
3361,12
3362,11
3363,11
3364,11
3365,10
3366,11
3367,10
3368,11
3369,11
3370,9
3371,10
3372,10
3373,11
3374,10
3375,10
3376,12
3377,10
3378,10
3379,10
3380,11
3381,11
3382,10
3383,11
3384,10
3385,11
3386,11
3387,11
3388,12
3389,11
3390,10
3391,10
3392,12
3393,11
3394,10
3395,11
3396,11
3397,11
3398,11
3399,11
3400,11
3401,10
3402,11
3403,10
3404,19
3405,12
3406,10
3407,11
3408,11
3409,10
3410,11
3411,10
3412,11
3413,11
3414,10
3415,11
3416,10
3417,11
3418,11
3419,11
3420,12
3421,10
3422,11
3423,11
3424,10
3425,11
3426,10
3427,11
3428,10
3429,11
3430,11
3431,11
3432,11
3433,11
3434,11
3435,11
3436,10
3437,11
3438,10
3439,11
3440,10
3441,11
3442,12
3443,11
3444,11
3445,11
3446,12
3447,12
3448,10
3449,12
3450,11
3451,11
3452,10
3453,11
3454,11
3455,11
3456,11
3457,10
3458,11
3459,10
3460,10
3461,11
3462,10
3463,11
3464,10
3465,11
3466,11
3467,10
3468,10
3469,10
3470,11
3471,11
3472,11
3473,11
3474,11
3475,11
3476,12
3477,10
3478,11
3479,10
3480,12
3481,11
3482,11
3483,11
3484,10
3485,11
3486,10
3487,10
3488,11
3489,12
3490,10
3491,9
3492,12
3493,10
3494,11
3495,12
3496,11
3497,12
3498,10
3499,13
3500,12
3501,11
3502,11
3503,11
3504,12
3505,11
3506,10
3507,11
3508,10
3509,12
3510,11
3511,11
3512,10
3513,11
3514,9
3515,11
3516,10
3517,11
3518,10
3519,11
3520,10
3521,11
3522,11
3523,10
3524,10
3525,11
3526,11
3527,11
3528,10
3529,11
3530,10
3531,11
3532,11
3533,11
3534,11
3535,12
3536,10
3537,12
3538,11
3539,11
3540,11
3541,10
3542,11
3543,10
3544,10
3545,10
3546,11
3547,10
3548,10
3549,11
3550,10
3551,11
3552,10
3553,9
3554,11
3555,10
3556,10
3557,10
3558,11
3559,11
3560,10
3561,11
3562,10
3563,11
3564,11
3565,12
3566,11
3567,11
3568,12
3569,10
3570,11
3571,11
3572,10
3573,11
3574,10
3575,11
3576,10
3577,10
3578,10
3579,11
3580,10
3581,11
3582,10
3583,11
3584,10
3585,10
3586,11
3587,10
3588,11
3589,11
3590,10
3591,11
3592,11
3593,10
3594,11
3595,10
3596,11
3597,10
3598,11
3599,12
3600,11
3601,11
3602,10
3603,12
3604,11
3605,10
3606,11
3607,10
3608,11
3609,11
3610,10
3611,11
3612,10
3613,11
3614,10
3615,10
3616,11
3617,10
3618,11
3619,11
3620,10
3621,11
3622,10
3623,10
3624,10
3625,10
3626,11
3627,11
3628,11
3629,12
3630,10
3631,12
3632,10
3633,12
3634,11
3635,10
3636,10
3637,13
3638,9
3639,10
3640,10
3641,12
3642,11
3643,10
3644,11
3645,10
3646,11
3647,11
3648,11
3649,11
3650,10
3651,11
3652,11
3653,10
3654,12
3655,10
3656,10
3657,11
3658,10
3659,11
3660,10
3661,11
3662,11
3663,10
3664,11
3665,10
3666,12
3667,11
3668,11
3669,14
3670,10
3671,11
3672,11
3673,10
3674,11
3675,11
3676,10
3677,11
3678,10
3679,12
3680,11
3681,10
3682,11
3683,10
3684,12
3685,12
3686,11
3687,11
3688,9
3689,11
3690,10
3691,11
3692,10
3693,10
3694,12
3695,11
3696,11
3697,11
3698,11
3699,11
3700,10
3701,12
3702,10
3703,12
3704,11
3705,10
3706,11
3707,10
3708,11
3709,11
3710,10
3711,10
3712,10
3713,11
3714,11
3715,11
3716,12
3717,10
3718,11
3719,11
3720,10
3721,11
3722,11
3723,10
3724,11
3725,11
3726,11
3727,10
3728,11
3729,11
3730,11
3731,21
3732,12
3733,11
3734,10
3735,11
3736,11
3737,10
3738,12
3739,10
3740,11
3741,11
3742,10
3743,11
3744,10
3745,12
3746,10
3747,10
3748,11
3749,10
3750,11
3751,10
3752,10
3753,10
3754,11
3755,10
3756,10
3757,11
3758,10
3759,11
3760,11
3761,10
3762,10
3763,10
3764,10
3765,11
3766,11
3767,11
3768,10
3769,11
3770,11
3771,10
3772,11
3773,11
3774,11
3775,12
3776,10
3777,11
3778,11
3779,11
3780,11
3781,10
3782,11
3783,10
3784,11
3785,11
3786,10
3787,11
3788,10
3789,10
3790,11
3791,10
3792,10
3793,10
3794,11
3795,10
3796,11
3797,11
3798,11
3799,11
3800,10
3801,11
3802,11
3803,10
3804,10
3805,18
3806,12
3807,10
3808,11
3809,11
3810,12
3811,10
3812,11
3813,12
3814,10
3815,11
3816,10
3817,10
3818,11
3819,10
3820,11
3821,11
3822,11
3823,9
3824,11
3825,11
3826,10
3827,11
3828,11
3829,10
3830,11
3831,10
3832,11
3833,10
3834,10
3835,11
3836,11
3837,10
3838,11
3839,11
3840,11
3841,11
3842,10
3843,11
3844,11
3845,11
3846,11
3847,10
3848,11
3849,10
3850,11
3851,10
3852,10
3853,11
3854,10
3855,10
3856,10
3857,11
3858,10
3859,11
3860,11
3861,10
3862,11
3863,11
3864,11
3865,11
3866,10
3867,11
3868,11
3869,12
3870,10
3871,12
3872,13
3873,11
3874,10
3875,10
3876,10
3877,10
3878,11
3879,11
3880,11
3881,11
3882,10
3883,10
3884,11
3885,9
3886,11
3887,11
3888,10
3889,10
3890,10
3891,11
3892,11
3893,10
3894,11
3895,10
3896,10
3897,11
3898,10
3899,11
3900,10
3901,11
3902,11
3903,11
3904,12
3905,10
3906,11
3907,11
3908,10
3909,10
3910,11
3911,10
3912,10
3913,10
3914,11
3915,11
3916,11
3917,10
3918,10
3919,11
3920,10
3921,10
3922,10
3923,10
3924,11
3925,10
3926,11
3927,11
3928,11
3929,11
3930,10
3931,10
3932,11
3933,10
3934,11
3935,11
3936,11
3937,12
3938,10
3939,11
3940,10
3941,10
3942,11
3943,10
3944,12
3945,11
3946,10
3947,10
3948,11
3949,10
3950,11
3951,11
3952,11
3953,10
3954,11
3955,10
3956,11
3957,10
3958,11
3959,11
3960,10
3961,11
3962,11
3963,12
3964,10
3965,11
3966,11
3967,11
3968,11
3969,11
3970,11
3971,11
3972,10
3973,11
3974,19
3975,13
3976,12
3977,11
3978,16
3979,15
3980,15
3981,12
3982,11
3983,10
3984,11
3985,11
3986,10
3987,12
3988,11
3989,11
3990,10
3991,11
3992,11
3993,10
3994,12
3995,11
3996,12
3997,10
3998,11
3999,11
4000,10
4001,11
4002,10
4003,11
4004,11
4005,11
4006,12
4007,12
4008,12
4009,11
4010,17
4011,12
4012,10
4013,12
4014,11
4015,11
4016,12
4017,10
4018,12
4019,10
4020,12
4021,12
4022,11
4023,12
4024,10
4025,11
4026,11
4027,10
4028,10
4029,10
4030,11
4031,11
4032,10
4033,11
4034,10
4035,11
4036,10
4037,11
4038,11
4039,10
4040,12
4041,11
4042,11
4043,11
4044,11
4045,11
4046,10
4047,11
4048,11
4049,10
4050,11
4051,10
4052,11
4053,11
4054,10
4055,10
4056,10
4057,11
4058,11
4059,10
4060,11
4061,11
4062,11
4063,10
4064,11
4065,11
4066,10
4067,11
4068,10
4069,11
4070,11
4071,10
4072,11
4073,14
4074,11
4075,10
4076,11
4077,11
4078,10
4079,11
4080,10
4081,11
4082,12
4083,11
4084,11
4085,10
4086,11
4087,12
4088,11
4089,10
4090,10
4091,10
4092,11
4093,10
4094,10
4095,10
4096,11
4097,11
4098,11
4099,12
4100,11
4101,13
4102,12
4103,12
4104,12
4105,10
4106,12
4107,10
4108,12
4109,11
4110,11
4111,11
4112,11
4113,12
4114,11
4115,12
4116,11
4117,12
4118,11
4119,13
4120,11
4121,11
4122,12
4123,10
4124,12
4125,12
4126,12
4127,12
4128,12
4129,11
4130,11
4131,11
4132,10
4133,10
4134,11
4135,12
4136,11
4137,12
4138,12
4139,12
4140,12
4141,11
4142,12
4143,12
4144,12
4145,11
4146,11
4147,11
4148,10
4149,11
4150,11
4151,10
4152,10
4153,12
4154,11
4155,12
4156,12
4157,11
4158,10
4159,12
4160,12
4161,10
4162,12
4163,11
4164,10
4165,11
4166,10
4167,11
4168,11
4169,10
4170,12
4171,10
4172,11
4173,10
4174,11
4175,11
4176,10
4177,11
4178,11
4179,11
4180,12
4181,10
4182,11
4183,11
4184,12
4185,21
4186,12
4187,11
4188,11
4189,11
4190,12
4191,12
4192,12
4193,11
4194,11
4195,12
4196,11
4197,12
4198,11
4199,10
4200,12
4201,12
4202,12
4203,11
4204,11
4205,11
4206,12
4207,11
4208,12
4209,10
4210,11
4211,12
4212,10
4213,11
4214,12
4215,11
4216,12
4217,11
4218,11
4219,11
4220,10
4221,11
4222,10
4223,11
4224,11
4225,10
4226,12
4227,10
4228,11
4229,11
4230,11
4231,12
4232,11
4233,12
4234,11
4235,12
4236,13
4237,12
4238,12
4239,11
4240,12
4241,12
4242,11
4243,12
4244,11
4245,11
4246,11
4247,21
4248,12
4249,11
4250,10
4251,11
4252,11
4253,11
4254,11
4255,11
4256,10
4257,10
4258,11
4259,11
4260,10
4261,11
4262,10
4263,11
4264,11
4265,11
4266,12
4267,11
4268,10
4269,11
4270,11
4271,11
4272,11
4273,12
4274,11
4275,10
4276,11
4277,12
4278,10
4279,11
4280,10
4281,11
4282,11
4283,11
4284,11
4285,20
4286,12
4287,12
4288,11
4289,10
4290,11
4291,11
4292,11
4293,12
4294,11
4295,12
4296,11
4297,11
4298,10
4299,11
4300,10
4301,10
4302,10
4303,11
4304,11
4305,11
4306,10
4307,11
4308,10
4309,10
4310,12
4311,10
4312,11
4313,11
4314,11
4315,11
4316,11
4317,11
4318,11
4319,12
4320,12
4321,12
4322,12
4323,11
4324,12
4325,11
4326,10
4327,11
4328,11
4329,10
4330,11
4331,10
4332,11
4333,10
4334,10
4335,11
4336,10
4337,11
4338,10
4339,11
4340,11
4341,10
4342,11
4343,10
4344,11
4345,10
4346,11
4347,12
4348,10
4349,11
4350,11
4351,12
4352,12
4353,10
4354,11
4355,11
4356,11
4357,10
4358,11
4359,11
4360,11
4361,11
4362,10
4363,11
4364,11
4365,10
4366,12
4367,10
4368,11
4369,10
4370,10
4371,10
4372,11
4373,11
4374,12
4375,10
4376,12
4377,10
4378,12
4379,11
4380,10
4381,11
4382,10
4383,12
4384,12
4385,11
4386,12
4387,10
4388,11
4389,11
4390,10
4391,12
4392,10
4393,11
4394,11
4395,10
4396,11
4397,11
4398,11
4399,11
4400,11
4401,11
4402,10
4403,11
4404,10
4405,11
4406,11
4407,11
4408,12
4409,12
4410,12
4411,11
4412,11
4413,11
4414,10
4415,11
4416,11
4417,10
4418,11
4419,11
4420,11
4421,11
4422,11
4423,11
4424,10
4425,11
4426,11
4427,10
4428,10
4429,11
4430,11
4431,18
4432,11
4433,10
4434,11
4435,10
4436,11
4437,10
4438,12
4439,11
4440,11
4441,12
4442,9
4443,11
4444,12
4445,11
4446,12
4447,10
4448,11
4449,11
4450,10
4451,10
4452,10
4453,11
4454,11
4455,11
4456,10
4457,10
4458,11
4459,11
4460,10
4461,11
4462,10
4463,10
4464,11
4465,10
4466,11
4467,10
4468,11
4469,10
4470,10
4471,12
4472,11
4473,10
4474,11
4475,10
4476,12
4477,12
4478,11
4479,11
4480,10
4481,21
4482,12
4483,11
4484,10
4485,11
4486,11
4487,11
4488,11
4489,11
4490,12
4491,10
4492,11
4493,20
4494,10
4495,10
4496,11
4497,11
4498,10
4499,11
4500,10
4501,11
4502,11
4503,9
4504,11
4505,16
4506,11
4507,10
4508,10
4509,10
4510,10
4511,11
4512,11
4513,10
4514,11
4515,10
4516,11
4517,10
4518,11
4519,11
4520,10
4521,11
4522,10
4523,11
4524,10
4525,11
4526,11
4527,11
4528,12
4529,10
4530,11
4531,11
4532,10
4533,11
4534,11
4535,11
4536,10
4537,11
4538,10
4539,11
4540,11
4541,10
4542,11
4543,10
4544,20
4545,11
4546,10
4547,10
4548,11
4549,10
4550,10
4551,13
4552,10
4553,11
4554,11
4555,11
4556,13
4557,10
4558,11
4559,11
4560,12
4561,11
4562,11
4563,11
4564,10
4565,10
4566,10
4567,11
4568,12
4569,13
4570,11
4571,11
4572,10
4573,11
4574,10
4575,11
4576,11
4577,10
4578,10
4579,10
4580,11
4581,10
4582,10
4583,11
4584,10
4585,11
4586,10
4587,10
4588,11
4589,10
4590,11
4591,10
4592,10
4593,11
4594,11
4595,11
4596,16
4597,11
4598,12
4599,11
4600,12
4601,10
4602,12
4603,11
4604,11
4605,10
4606,11
4607,11
4608,11
4609,10
4610,11
4611,10
4612,11
4613,11
4614,10
4615,11
4616,10
4617,10
4618,16
4619,13
4620,10
4621,10
4622,10
4623,10
4624,11
4625,11
4626,11
4627,11
4628,11
4629,11
4630,10
4631,13
4632,11
4633,12
4634,12
4635,10
4636,11
4637,11
4638,11
4639,11
4640,10
4641,11
4642,10
4643,12
4644,12
4645,10
4646,12
4647,10
4648,11
4649,11
4650,10
4651,11
4652,10
4653,10
4654,10
4655,10
4656,11
4657,11
4658,11
4659,12
4660,10
4661,11
4662,11
4663,10
4664,11
4665,10
4666,11
4667,12
4668,10
4669,12
4670,10
4671,11
4672,11
4673,10
4674,10
4675,11
4676,11
4677,12
4678,10
4679,10
4680,10
4681,19
4682,10
4683,10
4684,10
4685,12
4686,10
4687,11
4688,9
4689,10
4690,11
4691,10
4692,11
4693,11
4694,10
4695,10
4696,10
4697,10
4698,11
4699,10
4700,11
4701,10
4702,10
4703,10
4704,11
4705,10
4706,10
4707,11
4708,10
4709,11
4710,11
4711,11
4712,11
4713,10
4714,11
4715,10
4716,12
4717,11
4718,11
4719,11
4720,10
4721,10
4722,10
4723,11
4724,10
4725,10
4726,11
4727,11
4728,11
4729,12
4730,11
4731,10
4732,10
4733,11
4734,11
4735,10
4736,11
4737,11
4738,11
4739,11
4740,11
4741,11
4742,11
4743,11
4744,10
4745,10
4746,10
4747,12
4748,12
4749,10
4750,10
4751,11
4752,11
4753,12
4754,10
4755,15
4756,12
4757,10
4758,11
4759,10
4760,10
4761,10
4762,11
4763,11
4764,11
4765,11
4766,11
4767,11
4768,11
4769,11
4770,11
4771,11
4772,11
4773,10
4774,11
4775,10
4776,12
4777,10
4778,11
4779,11
4780,10
4781,11
4782,10
4783,10
4784,11
4785,10
4786,10
4787,10
4788,11
4789,10
4790,10
4791,11
4792,11
4793,12
4794,11
4795,11
4796,10
4797,10
4798,11
4799,11
4800,11
4801,12
4802,11
4803,11
4804,10
4805,11
4806,10
4807,11
4808,11
4809,9
4810,11
4811,10
4812,11
4813,11
4814,10
4815,11
4816,11
4817,11
4818,13
4819,11
4820,11
4821,10
4822,11
4823,11
4824,10
4825,11
4826,10
4827,11
4828,10
4829,11
4830,11
4831,10
4832,11
4833,10
4834,10
4835,11
4836,10
4837,11
4838,10
4839,11
4840,10
4841,11
4842,11
4843,11
4844,11
4845,11
4846,11
4847,12
4848,10
4849,11
4850,11
4851,11
4852,11
4853,12
4854,10
4855,11
4856,11
4857,11
4858,11
4859,10
4860,11
4861,11
4862,10
4863,12
4864,10
4865,11
4866,20
4867,12
4868,10
4869,11
4870,10
4871,10
4872,10
4873,10
4874,10
4875,9
4876,11
4877,10
4878,10
4879,11
4880,15
4881,11
4882,10
4883,11
4884,11
4885,10
4886,12
4887,11
4888,10
4889,11
4890,10
4891,11
4892,11
4893,11
4894,11
4895,10
4896,12
4897,11
4898,10
4899,12
4900,12
4901,14
4902,14
4903,12
4904,14
4905,15
4906,12
4907,11
4908,12
4909,12
4910,11
4911,13
4912,13
4913,13
4914,14
4915,14
4916,14
4917,11
4918,11
4919,11
4920,10
4921,11
4922,11
4923,10
4924,11
4925,10
4926,11
4927,11
4928,11
4929,12
4930,11
4931,11
4932,11
4933,9
4934,11
4935,10
4936,10
4937,11
4938,10
4939,11
4940,11
4941,12
4942,16
4943,10
4944,11
4945,10
4946,11
4947,10
4948,10
4949,11
4950,11
4951,10
4952,11
4953,10
4954,10
4955,11
4956,10
4957,10
4958,11
4959,11
4960,11
4961,11
4962,11
4963,11
4964,10
4965,11
4966,10
4967,11
4968,12
4969,10
4970,12
4971,11
4972,11
4973,11
4974,11
4975,11
4976,11
4977,10
4978,11
4979,9
4980,11
4981,10
4982,10
4983,11
4984,12
4985,11
4986,10
4987,10
4988,11
4989,10
4990,11
4991,11
4992,10
4993,11
4994,10
4995,10
4996,10
4997,10
4998,11
4999,10
5000,11
5001,11
5002,11
5003,11
5004,15
5005,11
5006,11
5007,11
5008,11
5009,10
5010,11
5011,12
5012,10
5013,11
5014,13
5015,10
5016,12
5017,11
5018,11
5019,10
5020,11
5021,10
5022,11
5023,11
5024,10
5025,11
5026,10
5027,11
5028,11
5029,10
5030,11
5031,11
5032,11
5033,11
5034,11
5035,11
5036,11
5037,11
5038,10
5039,12
5040,12
5041,10
5042,11
5043,11
5044,10
5045,11
5046,11
5047,11
5048,11
5049,11
5050,10
5051,10
5052,11
5053,10
5054,11
5055,10
5056,11
5057,12
5058,9
5059,11
5060,10
5061,10
5062,11
5063,10
5064,11
5065,11
5066,13
5067,14
5068,10
5069,12
5070,10
5071,11
5072,11
5073,11
5074,12
5075,12
5076,12
5077,11
5078,11
5079,12
5080,11
5081,12
5082,11
5083,10
5084,11
5085,10
5086,10
5087,10
5088,11
5089,11
5090,11
5091,11
5092,10
5093,12
5094,11
5095,10
5096,11
5097,11
5098,11
5099,11
5100,11
5101,12
5102,10
5103,12
5104,11
5105,10
5106,11
5107,11
5108,11
5109,11
5110,10
5111,11
5112,11
5113,10
5114,11
5115,10
5116,11
5117,10
5118,10
5119,12
5120,10
5121,10
5122,11
5123,11
5124,11
5125,10
5126,11
5127,11
5128,12
5129,14
5130,10
5131,11
5132,10
5133,11
5134,10
5135,12
5136,11
5137,11
5138,11
5139,10
5140,11
5141,11
5142,10
5143,11
5144,11
5145,11
5146,11
5147,10
5148,11
5149,10
5150,11
5151,10
5152,14
5153,15
5154,14
5155,11
5156,9
5157,11
5158,10
5159,10
5160,11
5161,10
5162,11
5163,12
5164,13
5165,13
5166,12
5167,12
5168,13
5169,11
5170,12
5171,10
5172,11
5173,11
5174,10
5175,11
5176,10
5177,11
5178,10
5179,11
5180,11
5181,10
5182,11
5183,10
5184,11
5185,11
5186,10
5187,12
5188,10
5189,12
5190,10
5191,16
5192,11
5193,10
5194,11
5195,10
5196,10
5197,11
5198,11
5199,11
5200,11
5201,11
5202,10
5203,11
5204,10
5205,11
5206,10
5207,11
5208,10
5209,11
5210,11
5211,10
5212,11
5213,10
5214,15
5215,11
5216,11
5217,13
5218,22
5219,14
5220,10
5221,11
5222,10
5223,11
5224,11
5225,10
5226,11
5227,11
5228,10
5229,11
5230,9
5231,10
5232,11
5233,9
5234,11
5235,10
5236,11
5237,11
5238,10
5239,11
5240,11
5241,11
5242,10
5243,11
5244,12
5245,9
5246,11
5247,10
5248,11
5249,11
5250,10
5251,11
5252,22
5253,12
5254,10
5255,11
5256,10
5257,10
5258,12
5259,10
5260,11
5261,11
5262,10
5263,11
5264,10
5265,10
5266,11
5267,10
5268,11
5269,10
5270,11
5271,11
5272,10
5273,11
5274,10
5275,13
5276,13
5277,11
5278,13
5279,11
5280,12
5281,11
5282,11
5283,11
5284,11
5285,12
5286,12
5287,11
5288,12
5289,11
5290,11
5291,11
5292,12
5293,12
5294,11
5295,10
5296,11
5297,12
5298,12
5299,12
5300,11
5301,12
5302,13
5303,11
5304,12
5305,12
5306,11
5307,10
5308,12
5309,12
5310,10
5311,12
5312,11
5313,12
5314,11
5315,13
5316,12
5317,11
5318,11
5319,12
5320,11
5321,36
5322,16
5323,11
5324,10
5325,10
5326,10
5327,10
5328,11
5329,11
5330,10
5331,11
5332,10
5333,11
5334,10
5335,11
5336,11
5337,10
5338,11
5339,11
5340,11
5341,12
5342,10
5343,12
5344,10
5345,11
5346,11
5347,10
5348,11
5349,10
5350,11
5351,10
5352,10
5353,11
5354,11
5355,11
5356,10
5357,11
5358,10
5359,11
5360,11
5361,11
5362,10
5363,10
5364,11
5365,10
5366,11
5367,11
5368,11
5369,11
5370,10
5371,11
5372,10
5373,12
5374,11
5375,10
5376,11
5377,12
5378,10
5379,12
5380,11
5381,11
5382,12
5383,11
5384,11
5385,10
5386,11
5387,11
5388,10
5389,11
5390,11
5391,10
5392,11
5393,10
5394,10
5395,11
5396,10
5397,10
5398,11
5399,11
5400,11
5401,11
5402,11
5403,10
5404,10
5405,11
5406,10
5407,11
5408,11
5409,11
5410,11
5411,11
5412,12
5413,11
5414,10
5415,12
5416,14
5417,12
5418,11
5419,12
5420,12
5421,11
5422,11
5423,11
5424,11
5425,10
5426,19
5427,12
5428,11
5429,9
5430,10
5431,10
5432,11
5433,10
5434,10
5435,11
5436,10
5437,10
5438,11
5439,10
5440,11
5441,11
5442,11
5443,11
5444,11
5445,11
5446,10
5447,11
5448,11
5449,11
5450,11
5451,10
5452,11
5453,10
5454,11
5455,11
5456,10
5457,11
5458,11
5459,10
5460,11
5461,10
5462,11
5463,10
5464,10
5465,11
5466,9
5467,11
5468,10
5469,11
5470,10
5471,11
5472,11
5473,12
5474,11
5475,12
5476,11
5477,10
5478,13
5479,10
5480,11
5481,11
5482,11
5483,12
5484,10
5485,11
5486,11
5487,11
5488,11
5489,10
5490,19
5491,11
5492,11
5493,9
5494,11
5495,10
5496,11
5497,10
5498,11
5499,12
5500,10
5501,10
5502,11
5503,10
5504,11
5505,11
5506,10
5507,11
5508,10
5509,11
5510,11
5511,11
5512,11
5513,11
5514,11
5515,11
5516,11
5517,10
5518,12
5519,10
5520,12
5521,10
5522,18
5523,13
5524,11
5525,10
5526,12
5527,11
5528,10
5529,10
5530,11
5531,11
5532,11
5533,11
5534,10
5535,11
5536,10
5537,10
5538,11
5539,12
5540,11
5541,11
5542,11
5543,10
5544,11
5545,11
5546,11
5547,11
5548,11
5549,10
5550,11
5551,11
5552,11
5553,11
5554,12
5555,11
5556,12
5557,10
5558,11
5559,11
5560,10
5561,10
5562,20
5563,12
5564,10
5565,11
5566,11
5567,11
5568,11
5569,11
5570,11
5571,10
5572,11
5573,11
5574,10
5575,11
5576,11
5577,10
5578,11
5579,11
5580,11
5581,10
5582,11
5583,10
5584,10
5585,10
5586,11
5587,20
5588,12
5589,11
5590,11
5591,10
5592,11
5593,12
5594,10
5595,11
5596,10
5597,11
5598,10
5599,10
5600,10
5601,10
5602,12
5603,10
5604,11
5605,11
5606,11
5607,11
5608,10
5609,11
5610,10
5611,11
5612,10
5613,10
5614,9
5615,10
5616,11
5617,10
5618,10
5619,11
5620,10
5621,11
5622,11
5623,11
5624,9
5625,11
5626,10
5627,10
5628,11
5629,10
5630,12
5631,11
5632,11
5633,11
5634,11
5635,11
5636,10
5637,11
5638,10
5639,11
5640,11
5641,10
5642,11
5643,10
5644,11
5645,11
5646,10
5647,11
5648,11
5649,10
5650,11
5651,10
5652,11
5653,10
5654,11
5655,11
5656,11
5657,11
5658,11
5659,11
5660,11
5661,10
5662,11
5663,11
5664,10
5665,11
5666,10
5667,10
5668,10
5669,11
5670,11
5671,10
5672,11
5673,10
5674,10
5675,11
5676,10
5677,10
5678,10
5679,11
5680,11
5681,11
5682,11
5683,11
5684,11
5685,11
5686,14
5687,11
5688,11
5689,10
5690,11
5691,11
5692,12
5693,12
5694,11
5695,11
5696,11
5697,11
5698,11
5699,10
5700,10
5701,10
5702,11
5703,11
5704,11
5705,11
5706,10
5707,11
5708,11
5709,10
5710,11
5711,10
5712,10
5713,11
5714,10
5715,10
5716,10
5717,11
5718,10
5719,10
5720,11
5721,11
5722,12
5723,10
5724,11
5725,11
5726,11
5727,11
5728,11
5729,11
5730,10
5731,11
5732,11
5733,10
5734,10
5735,10
5736,10
5737,11
5738,11
5739,11
5740,10
5741,10
5742,10
5743,11
5744,10
5745,11
5746,11
5747,14
5748,11
5749,11
5750,12
5751,12
5752,10
5753,11
5754,11
5755,10
5756,11
5757,10
5758,11
5759,10
5760,11
5761,12
5762,10
5763,11
5764,10
5765,10
5766,11
5767,10
5768,11
5769,10
5770,11
5771,10
5772,11
5773,10
5774,10
5775,12
5776,11
5777,11
5778,11
5779,11
5780,12
5781,11
5782,11
5783,11
5784,10
5785,11
5786,11
5787,12
5788,9
5789,11
5790,11
5791,10
5792,10
5793,10
5794,11
5795,11
5796,11
5797,11
5798,10
5799,11
5800,10
5801,9
5802,11
5803,10
5804,11
5805,11
5806,11
5807,11
5808,11
5809,11
5810,11
5811,10
5812,10
5813,10
5814,11
5815,10
5816,10
5817,11
5818,10
5819,10
5820,10
5821,10
5822,11
5823,10
5824,11
5825,10
5826,11
5827,11
5828,10
5829,11
5830,11
5831,10
5832,16
5833,14
5834,13
5835,10
5836,10
5837,11
5838,10
5839,11
5840,11
5841,10
5842,12
5843,11
5844,11
5845,11
5846,11
5847,12
5848,12
5849,12
5850,11
5851,10
5852,11
5853,11
5854,12
5855,10
5856,11
5857,12
5858,10
5859,12
5860,11
5861,11
5862,12
5863,10
5864,12
5865,11
5866,11
5867,11
5868,11
5869,11
5870,10
5871,12
5872,15
5873,11
5874,12
5875,10
5876,10
5877,10
5878,10
5879,10
5880,11
5881,10
5882,11
5883,11
5884,10
5885,11
5886,11
5887,10
5888,12
5889,11
5890,11
5891,11
5892,11
5893,11
5894,10
5895,11
5896,12
5897,11
5898,11
5899,11
5900,10
5901,11
5902,11
5903,10
5904,10
5905,11
5906,11
5907,10
5908,11
5909,10
5910,10
5911,12
5912,10
5913,11
5914,11
5915,10
5916,11
5917,10
5918,12
5919,11
5920,12
5921,11
5922,10
5923,11
5924,11
5925,10
5926,11
5927,10
5928,11
5929,21
5930,13
5931,10
5932,11
5933,10
5934,22
5935,13
5936,14
5937,9
5938,11
5939,11
5940,11
5941,21
5942,11
5943,11
5944,10
5945,10
5946,10
5947,11
5948,11
5949,10
5950,11
5951,11
5952,10
5953,11
5954,10
5955,12
5956,11
5957,11
5958,12
5959,11
5960,10
5961,19
5962,12
5963,11
5964,10
5965,11
5966,11
5967,19
5968,12
5969,11
5970,10
5971,11
5972,12
5973,10
5974,11
5975,10
5976,10
5977,11
5978,11
5979,10
5980,11
5981,10
5982,10
5983,11
5984,11
5985,10
5986,11
5987,10
5988,11
5989,11
5990,11
5991,11
5992,11
5993,11
5994,10
5995,12
5996,11
5997,16
5998,11
5999,10
6000,11
6001,11
6002,10
6003,11
6004,11
6005,11
6006,11
6007,10
6008,11
6009,11
6010,11
6011,11
6012,10
6013,10
6014,10
6015,11
6016,10
6017,11
6018,11
6019,10
6020,11
6021,21
6022,13
6023,10
6024,11
6025,11
6026,11
6027,11
6028,11
6029,11
6030,10
6031,11
6032,11
6033,11
6034,11
6035,11
6036,11
6037,11
6038,11
6039,11
6040,11
6041,19
6042,12
6043,11
6044,11
6045,10
6046,11
6047,10
6048,11
6049,10
6050,11
6051,11
6052,10
6053,11
6054,10
6055,11
6056,11
6057,10
6058,10
6059,15
6060,10
6061,10
6062,9
6063,11
6064,10
6065,11
6066,10
6067,10
6068,10
6069,10
6070,10
6071,11
6072,10
6073,11
6074,11
6075,11
6076,11
6077,10
6078,11
6079,11
6080,11
6081,11
6082,10
6083,11
6084,19
6085,12
6086,11
6087,11
6088,11
6089,10
6090,11
6091,10
6092,11
6093,10
6094,10
6095,12
6096,10
6097,10
6098,10
6099,10
6100,10
6101,11
6102,11
6103,10
6104,11
6105,10
6106,10
6107,10
6108,18
